T7_theta,T7_mu,T7_beta,T8_theta,T8_mu,T8_beta,theta_diff_T7_T8,mu_diff_T7_T8,beta_diff_T7_T8,theta_asym_T7_T8,mu_asym_T7_T8,beta_asym_T7_T8,T7_mu_beta_ratio,T8_mu_beta_ratio,label,file
0.0871458768012311,0.1540771596998638,0.15093720230332772,0.12995156269161617,0.15806639994336352,0.21312465240563508,-0.04280568589038507,-0.003989240243499725,-0.06218745010230736,-0.19717267978219796,-0.012780145521047677,-0.17081561165990583,1.020803003769713,0.7416617024008209,derecha,abrir-cerrar_mano_derecha.01.csv
0.17210867851769598,0.10758114962091027,0.1904574687690732,0.07171807608686978,0.1647174096840054,0.17453883766096315,0.1003906024308262,-0.05713626006309512,0.015918631108110065,0.4117292151812703,-0.20982945378282483,0.0436131281099145,0.5648565250165407,0.9437292149651657,derecha,abrir-cerrar_mano_derecha.02.csv
0.1544646522061357,0.14269963538048308,0.19031869175138108,0.19049738732711716,0.13868531398612144,0.22318617271375776,-0.03603273512098146,0.004014321394361642,-0.03286748096237668,-0.10445420059897938,0.014266296974073703,-0.07948511128167517,0.7497930264724894,0.6213884403587343,derecha,abrir-cerrar_mano_derecha.03.csv
0.1425234338372812,0.056157586846514916,0.036021480562529094,0.12848709493501162,0.07105175252312358,0.0348932153620884,0.014036338902269574,-0.014894165676608666,0.0011282652004406951,0.05179259436129574,-0.11708389163543281,0.01591017244913973,1.5590023058327338,2.036262104916261,derecha,abrir-cerrar_mano_derecha.04.csv
0.146726428115896,0.20581699743111995,0.16769990658720976,0.10093133282275309,0.2000857281572889,0.20350468610838443,0.04579509529314292,0.005731269273831052,-0.03580477952117467,0.18491281383812297,0.014119809430510074,-0.09645564538038966,1.2272933798633585,0.9831995623861445,derecha,abrir-cerrar_mano_derecha.05.csv
0.05359070130369049,0.12463955136291639,0.32885290189121313,0.12880864668657568,0.1512549241314336,0.23526094370652462,-0.0752179453828852,-0.026615372768517206,0.09359195818468852,-0.4123805380219554,-0.09646939017584047,0.1659096958104637,0.3790130689314013,0.6429240456115637,derecha,abrir-cerrar_mano_derecha.18.csv
0.12122934788282726,0.1079265006671372,0.21317627274410042,0.13501229769207443,0.1255944093251824,0.38909561748284377,-0.013782949809247172,-0.017667908658045198,-0.17591934473874335,-0.053788872766700864,-0.07565878319863714,-0.2920928980290373,0.5062781810333637,0.32278545543593956,derecha,abrir-cerrar_mano_derecha.19.csv
0.07678457850507539,0.08080355021907329,0.4201096133281386,0.16494025351944847,0.0891723508459804,0.40549276173612964,-0.08815567501437307,-0.008368800626907105,0.014616851592008984,-0.36469431224379234,-0.04923521559301526,0.01770446870847054,0.1923392032273428,0.21991107378853206,derecha,abrir-cerrar_mano_derecha.20.csv
0.07994379911004822,0.07804911636018588,0.32103753247793915,0.12001257282905688,0.1003076415436283,0.43813245636083104,-0.04006877371900866,-0.022258525183442415,-0.11709492388289189,-0.20038757118145517,-0.12479776038241618,-0.15424071559993255,0.2431152311899759,0.22894363975532991,derecha,abrir-cerrar_mano_derecha.21.csv
0.1844195302126659,0.0452310119132035,0.0541666146545872,0.2597392237231135,0.0463280066865332,0.0474655202621161,-0.07531969351044757,-0.0010969947733297028,0.006701094392471102,-0.16957831214006616,-0.011981284534214222,0.06593479255961048,0.8350347137491985,0.9760347441753792,derecha,abrir-cerrar_mano_derecha.22.csv
0.26864571720597713,0.16725208629570834,0.1659201355597402,0.21762022559931418,0.2057109608335946,0.1018746114087974,0.05102549160666295,-0.03845887453788627,0.06404552415094279,0.10493330103062834,-0.10311711522825952,0.2391589920428028,1.0080276010575737,2.019256199324932,derecha,abrir-cerrar_mano_derecha.23.csv
0.11417725513943207,0.19340677687360622,0.1781920920931828,0.10810437096900653,0.186571684640531,0.23048802893450537,0.006072884170425535,0.006835092233075213,-0.05229593684132258,0.027320674243476055,0.017988103920305684,-0.1279630030210094,1.085383552927992,0.8094636298829655,derecha,abrir-cerrar_mano_derecha.24.csv
0.12157500566014569,0.0875029596218513,0.12104692268234986,0.055919748108423116,0.08045479342888902,0.10152495535891377,0.06565525755172258,0.00704816619296228,0.019521967323436085,0.3698996869413506,0.041963920362722486,0.087710840282834,0.7228845678516752,0.792463145832782,derecha,abrir-cerrar_mano_derecha.25.csv
0.13886172160382199,0.21472841236997167,0.308313336445774,0.1671223720898478,0.18187896126238892,0.22761862338717498,-0.0282606504860258,0.03284945110758275,0.08069471305859904,-0.09235986492395834,0.08282612090256215,0.15056894830094147,0.6964616188217398,0.7990512839650358,derecha,abrir-cerrar_mano_derecha.26.csv
0.17088927869423245,0.0850330697208912,0.1838159626496553,0.19154373228238472,0.1141340704011542,0.17360435938511867,-0.020654453588152266,-0.029101000680263,0.010211603264536628,-0.05698833272006089,-0.14611345627243513,0.028570292032360167,0.46259891616143867,0.6574377753589983,derecha,abrir-cerrar_mano_derecha.27.csv
0.10113797266177406,0.09596207909878897,0.3965618089685155,0.07496625240421091,0.06258588715277438,0.28214555199320174,0.026171720257563147,0.033376191946014586,0.11441625697531377,0.14861493959958882,0.2105116238952024,0.16857965873154993,0.24198516979872878,0.22182127094482665,derecha,abrir-cerrar_mano_derecha.28.csv
0.09533266309480302,0.1614567591373468,0.22883079844380724,0.10640171185051918,0.16845322228143542,0.20579470451969492,-0.011069048755716154,-0.0069964631440886105,0.023036093924112322,-0.05486942029598124,-0.021207187796890386,0.053002166778108095,0.7055726466001403,0.8185497993696731,derecha,abrir-cerrar_mano_derecha.29.csv
0.23715253800813094,0.08940277626142458,0.11888345985326464,0.2664185872435411,0.13848674940096278,0.1151302833510599,-0.02926604923541018,-0.0490839731395382,0.003753176502204733,-0.05811701105700538,-0.21538493637660872,0.016038273181866024,0.7520202461433246,1.2028697692855124,derecha,abrir-cerrar_mano_derecha.30.csv
0.06071241166475908,0.1272355086064854,0.3325082757555355,0.1027281580361344,0.2219051309347233,0.2132101691114228,-0.04201574637137532,-0.09466962232823792,0.1192981066441127,-0.25707046835165887,-0.27115038725121055,0.21860742582582549,0.38265364821624515,1.0407811290227216,derecha,abrir-cerrar_mano_derecha.31.csv
0.07725769170621269,0.16126939310372376,0.2138692183655071,0.1273816283124163,0.13032519241804014,0.3741699771462619,-0.05012393660620362,0.030944200685683626,-0.16030075878075478,-0.24493794326652982,0.10612062487068294,-0.2726021620297331,0.7540560852826893,0.348304772950954,derecha,abrir-cerrar_mano_derecha.32.csv
0.07568436061782312,0.17222501186025443,0.28277430701993034,0.057314551596058395,0.2874575450192611,0.2961423290822375,0.018369809021764723,-0.11523253315900664,-0.013368022062307139,0.13811998410200205,-0.2506784930767442,-0.023091445292364135,0.6090546470955344,0.9706735818664394,derecha,abrir-cerrar_mano_derecha.33.csv
0.18077628343018606,0.14093115654324823,0.17867251387981173,0.15797691359350532,0.09568524910848879,0.2932079107265614,0.02279936983668074,0.04524590743475944,-0.11453539684674965,0.06730377562177949,0.19122049207842984,-0.24272122437602495,0.7887679285151246,0.3263392369189185,derecha,abrir-cerrar_mano_derecha.34.csv
0.1315288088803057,0.12962805325998203,0.3569223260380463,0.16126197862892558,0.3020109527625196,0.2129198834934655,-0.029733169748619892,-0.17238289950253757,0.1440024425445808,-0.10155090256100842,-0.39936820607882945,0.2527058150639847,0.36318279965018574,1.4184252481405093,derecha,abrir-cerrar_mano_derecha.35.csv
0.0993394119108429,0.096784739886822,0.3153427961306794,0.09490555454272741,0.23000856493693347,0.3774395861980126,0.004433857368115496,-0.1332238250501115,-0.06209679006733321,0.022826110868176326,-0.40766998285127437,-0.08963390345214094,0.30691913056267406,0.6093917205662392,derecha,abrir-cerrar_mano_derecha.36.csv
0.22025587868561539,0.0935810861475419,0.3404967475659651,0.15327951112817523,0.1878589581649428,0.3184175573818955,0.06697636755744016,-0.0942778720174009,0.02207919018406962,0.17930393636273356,-0.3349838467296612,0.033508439084096585,0.27483693770391415,0.5899767393789344,derecha,abrir-cerrar_mano_derecha.37.csv
0.2364826233064319,0.13682129569772164,0.15885221329955554,0.2467644616136044,0.16224660325383747,0.19751211380787873,-0.010281838307172497,-0.025425307556115828,-0.038659900508323186,-0.021276565167709597,-0.08501516476725705,-0.10848420137132933,0.861311808269192,0.8214513627105532,derecha,abrir-cerrar_mano_derecha.38.csv
0.08134584071060039,0.06999019651872619,0.0908057873315401,0.08233414627066139,0.1798826062260324,0.1328262668609348,-0.0009883055600610063,-0.1098924097073062,-0.042020479529394694,-0.006038035057968313,-0.43979338328239687,-0.18790006558821837,0.7707679308534203,1.3542697309385867,derecha,abrir-cerrar_mano_derecha.39.csv
0.1251957684052838,0.12136851136541528,0.31013473925050666,0.08964716774721491,0.1101303329012744,0.4292056905228658,0.03554860065806888,0.01123817846414088,-0.11907095127235912,0.16546319669641818,0.04854528762027631,-0.16105023459674075,0.39134122073944605,0.2565910302848069,derecha,abrir-cerrar_mano_derecha.40.csv
0.046965537427677,0.038384376583221406,0.0338347512490842,0.1787666445052074,0.06284634057498971,0.27089188370343004,-0.1318011070775304,-0.024461963991768303,-0.23705713245434584,-0.5838826352101256,-0.2416456413825545,-0.7779337198796207,1.1344657141406709,0.23199786348643311,derecha,abrir-cerrar_mano_derecha.41.csv
0.061924925177055605,0.024479667032162502,0.0775231186435791,0.1829995366743917,0.07784868718489948,0.2268101823452731,-0.12107461149733609,-0.05336902015273698,-0.14928706370169398,-0.4943344802669241,-0.5215466949078656,-0.4905380328450552,0.31577243411718325,0.3432327550183038,derecha,abrir-cerrar_mano_derecha.42.csv
0.272433565014702,0.060093007274323686,0.16326173690478998,0.1640414770283145,0.16312003225834854,0.2504051077001273,0.1083920879863875,-0.10302702498402486,-0.08714337079533732,0.24833512815688946,-0.46156362811101936,-0.21066075230650455,0.36807769372557536,0.6514245146287024,derecha,abrir-cerrar_mano_derecha.43.csv
0.1704222550603827,0.0853020842293535,0.2614828638214366,0.13341436160509007,0.3134932153536858,0.17971705235245058,0.03700789345529262,-0.2281911311243323,0.08176581146898601,0.12180194949320146,-0.5722011408883362,0.18532598628939978,0.3262243640767281,1.7443709086390542,derecha,abrir-cerrar_mano_derecha.44.csv
0.30371764616545194,0.11559702207200832,0.12016849927256662,0.3453519567865264,0.0870322103528316,0.11069518098252694,-0.04163431062107448,0.028564811719176728,0.009473318290039681,-0.06414459988616784,0.14097082621118767,0.041034249602317746,0.9619576940062623,0.7862329842907945,derecha,abrir-cerrar_mano_derecha.45.csv
0.1085875151063745,0.11089802056899807,0.22975447393700424,0.104620852936006,0.1316440321825609,0.198832912279207,0.003966662170368507,-0.020746011613562834,0.030921561657797247,0.018604626172710876,-0.08553572678572219,0.0721476224704427,0.4826805495530825,0.6620836764532512,derecha,abrir-cerrar_mano_derecha.46.csv
0.14091899998179416,0.16167218091896912,0.1990597837173069,0.1366805723207241,0.2577477973419438,0.1883787775517045,0.004238427661070077,-0.09607561642297469,0.010681006165602386,0.015268134144565057,-0.22906780580807212,0.02756825715781976,0.8121789835096811,1.368242150253778,derecha,abrir-cerrar_mano_derecha.47.csv
0.17661670733044013,0.15779669348078082,0.1962465358009465,0.1483025656448658,0.20061648088897052,0.1934084007824306,0.028314141685574334,-0.0428197874081897,0.0028381350185159027,0.08714207856886791,-0.1194704583300578,0.007283713560937966,0.8040737371287774,1.0372686486455258,derecha,abrir-cerrar_mano_derecha.48.csv
0.2220119617002698,0.11913325892245473,0.2425783423507335,0.1739034715728549,0.17185012908471256,0.17424919801453634,0.04810849012741489,-0.05271687016225783,0.06832914433619716,0.121512032290761,-0.1811679653316831,0.16392665090471997,0.491112491151746,0.9862319091308372,derecha,abrir-cerrar_mano_derecha.49.csv
0.0713879405281387,0.0953252882629717,0.4172145672940939,0.058137399573291,0.13359895131125202,0.2973148702789307,0.013250540954847699,-0.038273663048280324,0.11989969701516318,0.1023007538251884,-0.16718920393739645,0.16780231720668093,0.22848024362240116,0.44935171487519904,derecha,abrir-cerrar_mano_derecha.50.csv
0.06622674715440859,0.16228890262012902,0.3326145289652471,0.06657735980182049,0.3705248639964886,0.2533515913456044,-0.000350612647411902,-0.20823596137635958,0.0792629376196427,-0.0026400736321108213,-0.3908231553220409,0.13526880397949653,0.4879188478200756,1.462492686166387,derecha,abrir-cerrar_mano_derecha.51.csv
0.23108422727754221,0.30859857754608566,0.2069441542195367,0.12402138807276258,0.1557260038785315,0.17682084111637744,0.10706283920477963,0.15287257366755416,0.03012331310315927,0.3014957566475164,0.32923643608562336,0.0784941635748991,1.4912166221740317,0.8806993230455494,derecha,abrir-cerrar_mano_derecha.52.csv
0.24475637445504791,0.11506758403972929,0.1740184812195709,0.22360004112223694,0.1639851718508285,0.1483936868778075,0.021156333332810973,-0.048917587811099214,0.0256247943417634,0.04517143819844937,-0.17529870257686067,0.07947836987107827,0.661237683612259,1.105068310184762,derecha,abrir-cerrar_mano_derecha.53.csv
0.1914949143275512,0.13102268179871832,0.17143047407213843,0.234106300036979,0.10661453265171007,0.17420363539337372,-0.042611385709427796,0.024408149147008243,-0.0027731613212352846,-0.10012044907307614,0.10271180873895383,-0.00802340152506846,0.7642904499037849,0.6120109163672268,derecha,abrir-cerrar_mano_derecha.54.csv
0.11588247711837958,0.08144247032474392,0.17826537962708253,0.14271411009960852,0.2002811807541596,0.12816895380051446,-0.02683163298122894,-0.11883871042941568,0.050096425826568064,-0.10375864674897786,-0.421827225921688,0.1634817601259,0.45686081013883456,1.562634001363095,derecha,abrir-cerrar_mano_derecha.55.csv
0.2526644235927406,0.14996187354987153,0.17336629874918283,0.1749100424766463,0.23785895407985122,0.1990093218105857,0.07775438111609431,-0.08789708052997969,-0.02564302306140287,0.1818499126301363,-0.22664352196026308,-0.06886332229328582,0.8650000950693852,1.1952150781865951,derecha,abrir-cerrar_mano_derecha.56.csv
0.14263751165967492,0.26189040229876964,0.2767382274559688,0.2198991390016789,0.17009308251955543,0.232582406009036,-0.07726162734200398,0.09179731977921421,0.04415582144693281,-0.21311397087693212,0.21250191472667374,0.0866955267050092,0.9463470054095376,0.7313239127800065,derecha,abrir-cerrar_mano_derecha.57.csv
0.2243271436818519,0.12074613194735812,0.14552542858198167,0.06046187483550191,0.2574389108995465,0.26174191757967086,0.16386526884634997,-0.1366927789521884,-0.11621648899768919,0.5753917898433533,-0.3614441605324995,-0.28535674966191144,0.8297252571366474,0.9835600787389535,derecha,abrir-cerrar_mano_derecha.58.csv
0.11279449086010708,0.0811003829325556,0.22309211744984433,0.16112990109610387,0.09541055978047579,0.17727557033044425,-0.04833541023599679,-0.014310176847920186,0.045816547119400086,-0.17645529164547963,-0.08107245826940516,0.11443617298152516,0.3635286635149805,0.5382047521865625,derecha,abrir-cerrar_mano_derecha.59.csv
0.13265176280701224,0.1084563671999741,0.24092095167668073,0.12646173324157933,0.1443521840105144,0.2441956594418677,0.0061900295654329085,-0.035895816810540285,-0.003274707765186957,0.02388925864895708,-0.14198813773815758,-0.006750351611611167,0.4501740589327551,0.5911332675982541,derecha,abrir-cerrar_mano_derecha.60.csv
0.1265550069285963,0.0540390856511232,0.24740219310994827,0.1412561298243922,0.08558459929737171,0.28004251980549094,-0.014701122895795893,-0.03154551364624851,-0.032640326695542676,-0.054893618409973234,-0.22593237958560813,-0.06188388143334525,0.21842604864398735,0.305612863006259,izquierda,abrir-cerrar_mano_izquierda.01.csv
0.2191144243785963,0.19544081292412294,0.2524135932861192,0.2067994931773316,0.24778982539756841,0.20832984958796305,0.0123149312012647,-0.05234901247344548,0.044083743698156125,0.028914131246970304,-0.11810783543887789,0.09567958789900351,0.7742879558776565,1.1894109941208126,izquierda,abrir-cerrar_mano_izquierda.02.csv
0.24941660205200075,0.12117249522175129,0.14774980352175413,0.22109949712931223,0.1777653180868821,0.14508778717280482,0.02831710492268852,-0.0565928228651308,0.002662016348949303,0.060183072099188314,-0.18931302248328236,0.00909041852083022,0.8201194460655635,1.2252258394629645,izquierda,abrir-cerrar_mano_izquierda.03.csv
0.17353832634842423,0.07494638131471772,0.24965544422006328,0.084364555953926,0.24050958492225213,0.24028482598488918,0.08917377039449823,-0.1655632036075344,0.0093706182351741,0.3457649101893596,-0.5248377462443877,0.01912604171115339,0.3001992548044029,1.0009353438240984,izquierda,abrir-cerrar_mano_izquierda.05.csv
0.18672083897798866,0.1061875748022658,0.23996894322381565,0.11855112924726384,0.2569631022683581,0.18945808453261107,0.06816970973072482,-0.1507755274660923,0.050510858691204585,0.22330811405304982,-0.41518722897740284,0.11762384351740472,0.44250547154417164,1.3563057461455021,izquierda,abrir-cerrar_mano_izquierda.06.csv
0.2340463436781657,0.26774463465583836,0.24053499009879373,0.2258257378252995,0.2630211868622366,0.21508191863160833,0.008220605852866214,0.004723447793601787,0.025453071467185395,0.01787585288333217,0.00889930646080207,0.05586507089796308,1.1131213110186415,1.2228883594992235,izquierda,abrir-cerrar_mano_izquierda.07.csv
0.10320808968195931,0.07317127475997551,0.1609694668922936,0.0910549329716206,0.06497950036009291,0.12220371886052221,0.012153156710338717,0.008191774399882598,0.038765748031771394,0.0625603160021231,0.059295894647019454,0.1368976605596892,0.45456614615785323,0.5317309133361844,izquierda,abrir-cerrar_mano_izquierda.08.csv
0.03954701873480299,0.0640288195650417,0.2868569547311939,0.05964814516895741,0.08145166124133599,0.34951243679869887,-0.020101126434154418,-0.017422841676294293,-0.06265548206750499,-0.20264218150024738,-0.11976067429881462,-0.09845772269514409,0.2232081749349939,0.23304366407370877,izquierda,abrir-cerrar_mano_izquierda.09.csv
0.06929203128440768,0.06822014939425938,0.5215953895732234,0.10630682340469029,0.06756356890464241,0.531713349540617,-0.03701479212028261,0.0006565804896169758,-0.01011795996739362,-0.21079175076569084,0.00483548726966489,-0.00960588239289379,0.13079131727403664,0.12706765344962392,izquierda,abrir-cerrar_mano_izquierda.10.csv
0.1327668537334432,0.05513143591301318,0.29664995088259494,0.094502226838746,0.12466508101362857,0.33259402638305746,0.038264626894697215,-0.06953364510061538,-0.035944075500462525,0.16836705245908895,-0.38673519610857443,-0.05712263641430356,0.18584676616503087,0.37482656745549237,izquierda,abrir-cerrar_mano_izquierda.11.csv
0.1829307950252518,0.1284807514838171,0.2106083746950929,0.22131582478861536,0.11700016291262622,0.15504228777995863,-0.038385029763363554,0.011480588571190886,0.05556608691513426,-0.09495448306158472,0.04676774213482318,0.1519649520648032,0.6100457570567497,0.754633829528745,izquierda,abrir-cerrar_mano_izquierda.12.csv
0.1284781667775161,0.07419222650094238,0.22825944530169892,0.1244675364164216,0.07980048028868002,0.22569110025077077,0.0040106303610945165,-0.005608253787737633,0.0025683450509281502,0.015855696111439926,-0.036418954770434796,0.005657763867702303,0.32503462519386017,0.3535827361565628,izquierda,abrir-cerrar_mano_izquierda.13.csv
0.06604747946780451,0.09855954627306009,0.37147460615117206,0.1010615483969864,0.190702553770848,0.1864148181886336,-0.035014068929181894,-0.09214300749778791,0.18505978796253847,-0.20952827792301706,-0.31854502991698846,0.33171409345927877,0.26531973380639057,1.0230009899098567,izquierda,abrir-cerrar_mano_izquierda.20.csv
0.2505107957225072,0.1845431424101471,0.1963268459084874,0.20669053603375478,0.13989896180321368,0.21030295997945933,0.04382025968875239,0.044644180606933426,-0.013976114070971934,0.09584455618704932,0.13760291482250162,-0.034370608167167145,0.9399791055390152,0.6652258016939935,izquierda,abrir-cerrar_mano_izquierda.21.csv
0.11176264605464702,0.23353262860586585,0.13865138024241644,0.112348610210822,0.2689900420637517,0.17939754340041805,-0.000585964156174984,-0.03545741345788586,-0.040746163158001614,-0.00261461266958746,-0.0705588321120918,-0.12811287461746096,1.6843150883489895,1.499407527946392,izquierda,abrir-cerrar_mano_izquierda.22.csv
0.1256377969192899,0.051129289338780214,0.0725978674449781,0.24462985783297567,0.07087644364293852,0.12842416997863088,-0.11899206091368578,-0.019747154304158306,-0.05582630253365277,-0.32136768138611194,-0.1618543014579011,-0.27771233677672846,0.7042807742902825,0.551893293418202,izquierda,abrir-cerrar_mano_izquierda.23.csv
0.13257827583150358,0.1103716262066259,0.1915824587624281,0.1407651019944409,0.17500293245726342,0.1849504895412862,-0.00818682616293731,-0.06463130625063752,0.006631969221141898,-0.029950701306703624,-0.226478857430213,0.017613250247784422,0.5761050419675522,0.9462149758519457,izquierda,abrir-cerrar_mano_izquierda.24.csv
0.06825753165421321,0.04208302324134971,0.29917982724042674,0.058609052234932506,0.06987982819771252,0.31557847261836064,0.009648479419280702,-0.02779680495636281,-0.016398645377933896,0.07605216726880373,-0.24826808281862028,-0.026674947072615796,0.14066129465646768,0.221434071226651,izquierda,abrir-cerrar_mano_izquierda.25.csv
0.1425075055650293,0.0760177960553682,0.45366664878377433,0.1306539036343397,0.16718464607661557,0.3656218710803473,0.0118536019306896,-0.09116685002124737,0.088044777703427,0.043394129249409684,-0.37485991289171683,0.10746492169007804,0.16756310957292464,0.45726105227240454,izquierda,abrir-cerrar_mano_izquierda.26.csv
0.1121483777535879,0.21228495124869792,0.35107629159386883,0.0817877146745326,0.27146948261014575,0.3497860972817693,0.0303606630790553,-0.05918453136144783,0.0012901943120995352,0.15654982594232564,-0.12234416058143227,0.0018408667866464737,0.604668985872686,0.7761013858433897,izquierda,abrir-cerrar_mano_izquierda.27.csv
0.054392235697882506,0.11399363133429309,0.5902011491940374,0.07603788742163271,0.12035213128569856,0.6053448924187813,-0.021645651723750207,-0.006358499951405472,-0.015143743224743877,-0.16595591222709213,-0.02713298337033044,-0.012666800416692126,0.19314369271988496,0.1988158003888471,izquierda,abrir-cerrar_mano_izquierda.28.csv
0.1742981902379097,0.1070595633689404,0.3064597226128619,0.11023607837128087,0.15632090488056444,0.27129287915421646,0.06406211186662884,-0.049261341511624035,0.03516684345864546,0.22514725529649984,-0.18703490038072573,0.06086834181690035,0.3493430032590428,0.5762071588677129,izquierda,abrir-cerrar_mano_izquierda.29.csv
0.15799034637392656,0.0922955304797418,0.24738509080899393,0.18907394667186753,0.17358705569084495,0.30380358388575385,-0.031083600297940966,-0.08129152521110315,-0.05641849307675992,-0.08956150207657507,-0.3057421823839406,-0.10235785792301756,0.37308443466449176,0.57137920414504,izquierda,abrir-cerrar_mano_izquierda.30.csv
0.13601743483262688,0.0865875753763542,0.46628921700655673,0.11300099713755711,0.1083916828735169,0.4662806475520321,0.023016437695069766,-0.021804107497162703,8.569454524653963e-06,0.09242864710327607,-0.11182782504455889,9.189075004926708e-06,0.18569499435408712,0.23246017418473233,izquierda,abrir-cerrar_mano_izquierda.31.csv
0.033539735654130806,0.06486628619711872,0.3931603189065013,0.0365026245924367,0.1629877094724066,0.2572536940849988,-0.002962888938305895,-0.09812142327528788,0.1359066248215025,-0.04230138026277165,-0.43063286505307763,0.20895402008157285,0.16498685505104654,0.6335679793304514,izquierda,abrir-cerrar_mano_izquierda.32.csv
0.08931868489990837,0.11996456152653596,0.5547616961141502,0.09899648344846958,0.15711360285635284,0.5242174028469818,-0.009677798548561212,-0.037149041329816876,0.030544293267168343,-0.051391495010867094,-0.13407422440455868,0.028308512197772903,0.2162452097979732,0.2997107669565605,izquierda,abrir-cerrar_mano_izquierda.33.csv
0.03172101411711199,0.0478231335457786,0.32016662264723145,0.08588305458591101,0.1050582682667734,0.24975459618460902,-0.05416204046879902,-0.057235134720994806,0.07041202646262243,-0.46054559557896346,-0.3743760215347229,0.12354694456099656,0.14936951158952116,0.4206459687438892,izquierda,abrir-cerrar_mano_izquierda.34.csv
0.0375787515818679,0.05335457448679549,0.7902769682346875,0.0841804037411391,0.17800739971101473,0.514308474997588,-0.046601652159271194,-0.12465282522421925,0.2759684932370995,-0.38273629780267215,-0.538778337575301,0.21153730677691723,0.0675137653711973,0.34611017493100377,izquierda,abrir-cerrar_mano_izquierda.35.csv
0.21424098839693592,0.16626114046341953,0.24058960072010838,0.17696290718118865,0.19147315253831507,0.2062197009404039,0.03727808121574727,-0.02521201207489554,0.03436989977970448,0.09529066730726371,-0.07047692061773929,0.07692297112603348,0.691057024307008,0.9284910334960634,izquierda,abrir-cerrar_mano_izquierda.36.csv
0.10448165455381388,0.1883190797350687,0.2979086135213618,0.10009618402124502,0.15071323636593456,0.39438978416243303,0.0043854705325688526,0.03760584336913414,-0.09648117064107126,0.021436683214311147,0.11092111422416619,-0.13936355994789276,0.6321370543392986,0.38214284090693773,izquierda,abrir-cerrar_mano_izquierda.37.csv
0.11256961441494501,0.12106406403042651,0.2702070798887814,0.109981121221891,0.13806109631198246,0.19105243140333703,0.0025884931930540006,-0.016997032281555954,0.07915464848544437,0.011631024581144157,-0.06559390683311858,0.17160545166354466,0.44804177447844573,0.7226345567629633,izquierda,abrir-cerrar_mano_izquierda.38.csv
0.0726626497671883,0.12723087233090266,0.16252553667342937,0.09989379093729052,0.1356953266857528,0.2043399044374383,-0.027231141170102224,-0.008464454354850132,-0.04181436776400893,-0.15781004453283776,-0.032193269687747016,-0.11397739317614981,0.7828361444404427,0.6640666707692977,izquierda,abrir-cerrar_mano_izquierda.39.csv
0.1693412551592095,0.08944704736123531,0.2968542529275426,0.11760057110601868,0.13089477534730104,0.23404499917572796,0.05174068405319082,-0.04144772798606573,0.06280925375181462,0.18031767248246608,-0.18810648652855644,0.11830729148686774,0.30131636473439466,0.5592718076249229,izquierda,abrir-cerrar_mano_izquierda.40.csv
0.19527043316834217,0.15694777288363673,0.3199336354863269,0.1627749312453024,0.26162770511214195,0.2493451835995244,0.032495501923039766,-0.10467993222850522,0.07058845188680252,0.09075805538964508,-0.2500861498835807,0.1239962708610709,0.49056351245916163,1.0492590666589892,izquierda,abrir-cerrar_mano_izquierda.41.csv
0.14221677468472133,0.10077289618703993,0.29639589967087104,0.1250342147316705,0.25165785316111566,0.23090374045345538,0.01718255995305082,-0.15088495697407572,0.06549215921741566,0.0642937163586784,-0.4281265269045971,0.12420292560780943,0.3399942202270668,1.089882051144266,izquierda,abrir-cerrar_mano_izquierda.42.csv
0.16384741283837387,0.06799181519361651,0.15347364775103872,0.19237318257136102,0.07812139052561182,0.20347128754266267,-0.02852576973298715,-0.010129575331995308,-0.04999763979162394,-0.08007894349675818,-0.0693268934102466,-0.14007101221305962,0.44301944835322293,0.3839430498015662,izquierda,abrir-cerrar_mano_izquierda.43.csv
0.07627315316593979,0.07344289976591338,0.28562991139183364,0.08911106106720747,0.12339177475814968,0.2914228610982161,-0.012837907901267681,-0.0499488749922363,-0.005792949706382444,-0.07762474299344105,-0.2537605357155946,-0.010038855858878617,0.25712607211470234,0.42341143058934405,izquierda,abrir-cerrar_mano_izquierda.44.csv
0.0730230563619232,0.15167118388934472,0.3809003821292282,0.1383014655194201,0.19131178953589137,0.3261626801108117,-0.0652784091574969,-0.039640605646546645,0.054737702018416545,-0.3089012362944691,-0.11557601269506584,0.07741558591796138,0.39819119912558976,0.5865532611068863,izquierda,abrir-cerrar_mano_izquierda.45.csv
0.08105782172678,0.0487968838445873,0.3105397109884457,0.060682459881937885,0.0560858766173945,0.27829418077592283,0.020375361844842114,-0.007288992772807201,0.032245530212522855,0.14375137523414624,-0.06949656974831091,0.05476167407464665,0.15713572385930913,0.20153448572181581,izquierda,abrir-cerrar_mano_izquierda.46.csv
0.08264384098362978,0.0541182113196359,0.2848059858420737,0.07690297470283938,0.09444399512563882,0.37578283232267234,0.005740866280790402,-0.04032578380600292,-0.09097684648059867,0.03598232842358125,-0.2714403754258578,-0.13772083723146117,0.19001780899881307,0.2513259906756011,izquierda,abrir-cerrar_mano_izquierda.47.csv
0.1177136327488393,0.08151142263640368,0.23458486138422951,0.19698462662015057,0.1336187896613241,0.2540038479699281,-0.07927099387131127,-0.052107367024920415,-0.019418986585698572,-0.25189523294888055,-0.24221314173518046,-0.03974505717481078,0.3474709266434113,0.5260502369107458,izquierda,abrir-cerrar_mano_izquierda.48.csv
0.09104262677445281,0.1335306914118144,0.3004670383024082,0.074077880758462,0.14031609503729306,0.34352217737878926,0.01696474601599081,-0.006785403625478664,-0.04305513907638109,0.10274159910266203,-0.024778101162631953,-0.06685692455621181,0.4444104342430956,0.4084629761703621,izquierda,abrir-cerrar_mano_izquierda.49.csv
0.09416388804986962,0.0766380620410906,0.283626409684853,0.08274495400333928,0.0886748698144696,0.11003155677933447,0.01141893404653034,-0.01203680777337901,0.17359485290551852,0.06454699080346679,-0.07281225316222367,0.440978878326656,0.2702077688187362,0.8059039093054525,izquierda,abrir-cerrar_mano_izquierda.50.csv
0.20351085034142716,0.09838897244017188,0.29787655111189226,0.19294237014866564,0.17672132243437041,0.2757512439674192,0.01056848019276152,-0.07833234999419854,0.022125307144473083,0.026657571133162004,-0.28473070112702686,0.03857084149087573,0.3303011558644043,0.64087223500079,izquierda,abrir-cerrar_mano_izquierda.51.csv
0.07189096150278472,0.12855152159732217,0.28993494790106394,0.08217514523813581,0.05614387951276,0.17138830346205333,-0.010284183735351088,0.07240764208456216,0.11854664443901061,-0.06675175536906079,0.39203812184270104,0.2569708800044662,0.4433805517208052,0.327582892781022,izquierda,abrir-cerrar_mano_izquierda.52.csv
0.041946438295617,0.019517061388965,0.0857715267972382,0.0988685566596532,0.0725237457414797,0.14010438323541533,-0.056922118364036205,-0.053006684352514696,-0.05433285643817712,-0.4042333299787014,-0.5759041043430879,-0.24054293361737072,0.22754706418637285,0.5176407681921803,izquierda,abrir-cerrar_mano_izquierda.53.csv
0.0331655178533869,0.0904315627581257,0.2283412778976648,0.11649996546365916,0.1100779640356062,0.199071819283921,-0.08333444761027226,-0.019646401277480505,0.029269458613743804,-0.5568046833196181,-0.09798237825311593,0.06848048906770826,0.3960368428799184,0.5529560080477804,izquierda,abrir-cerrar_mano_izquierda.54.csv
0.0668211432258513,0.04858485841318929,0.19540620207700773,0.18518774637140048,0.14586010819159717,0.25382680522366974,-0.11836660314554918,-0.09727524977840787,-0.058420603146662003,-0.46969215505768597,-0.5002713439911687,-0.13004521238820774,0.2486351784662939,0.5746442040139323,izquierda,abrir-cerrar_mano_izquierda.55.csv
0.0400176605918916,0.11429832371962755,0.3084133459900437,0.0645868933210737,0.13453115859081083,0.16656394607441144,-0.0245692327291821,-0.020232834871183283,0.14184939991563228,-0.23487725401374046,-0.08131204498034704,0.2986445863814838,0.37060108292883837,0.8076846981871026,izquierda,abrir-cerrar_mano_izquierda.56.csv
0.3055003113561989,0.0458355047445855,0.23514682228150466,0.3522709265438793,0.11330146415035823,0.15672776792787593,-0.04677061518768044,-0.06746595940577274,0.07841905435362873,-0.07110468166097973,-0.4239489770024555,0.20011262355796733,0.1949229096555032,0.7229188446894084,izquierda,abrir-cerrar_mano_izquierda.57.csv
