mean_fit_time,std_fit_time,mean_score_time,std_score_time,param_clf__C,param_clf__gamma,params,split0_test_score,split1_test_score,split2_test_score,split3_test_score,split4_test_score,mean_test_score,std_test_score,rank_test_score,split0_train_score,split1_train_score,split2_train_score,split3_train_score,split4_train_score,mean_train_score,std_train_score
0.004237461090087891,0.0001539349994476204,0.0032434463500976562,8.815879585817196e-05,2.0,scale,"{'clf__C': 2, 'clf__gamma': 'scale'}",0.7727272727272727,0.7727272727272727,0.7272727272727273,0.6818181818181819,0.6416666666666666,0.7192424242424241,0.05138932941016855,1,0.9434108527131784,1.0,0.9661498708010337,0.9661498708010337,0.9545454545454546,0.9660512097721401,0.018960527403140238
0.004460716247558593,0.0005365596557011859,0.003381967544555664,0.00019845112402478641,2.0,auto,"{'clf__C': 2, 'clf__gamma': 'auto'}",0.7727272727272727,0.7727272727272727,0.7272727272727273,0.6818181818181819,0.6416666666666666,0.7192424242424241,0.05138932941016855,1,0.9434108527131784,1.0,0.9661498708010337,0.9661498708010337,0.9545454545454546,0.9660512097721401,0.018960527403140238
0.004084205627441407,0.00016991566078100625,0.003438901901245117,0.00014668005487268867,2.0,0.005,"{'clf__C': 2, 'clf__gamma': 0.005}",0.6818181818181819,0.8181818181818181,0.7272727272727273,0.6818181818181819,0.6833333333333333,0.7184848484848485,0.05280384547868651,3,0.9100775193798449,0.9095607235142118,0.921188630490956,0.9095607235142118,0.8863636363636365,0.9073502466525722,0.011394289017913483
0.0040591716766357425,0.0002751722508990509,0.003478527069091797,0.00012438852746737302,2.0,0.01,"{'clf__C': 2, 'clf__gamma': 0.01}",0.7727272727272727,0.7727272727272727,0.7272727272727273,0.6363636363636364,0.6416666666666666,0.7101515151515151,0.060430807217621806,4,0.9777777777777779,1.0,0.9772609819121447,0.9777777777777779,0.9772727272727273,0.9820178529480856,0.00899397717613195
0.00392298698425293,0.00011980550443343285,0.0034434318542480467,0.00022600368040476246,1.0,0.01,"{'clf__C': 1, 'clf__gamma': 0.01}",0.7272727272727273,0.8181818181818181,0.6818181818181818,0.5454545454545454,0.7333333333333334,0.7012121212121212,0.08947556622526341,5,0.921188630490956,0.9545219638242894,0.9317829457364342,0.9439276485788113,0.8863636363636364,0.9275569649988256,0.02345384985105321
0.0038394927978515625,0.0002003525956200016,0.0033713817596435548,0.0001916337053437367,1.0,scale,"{'clf__C': 1, 'clf__gamma': 'scale'}",0.6818181818181818,0.8181818181818181,0.6363636363636364,0.5909090909090908,0.7333333333333334,0.6921212121212121,0.07880186356072294,6,0.921188630490956,0.92015503875969,0.920671834625323,0.9095607235142118,0.875,0.9093152454780361,0.017692070759514924
0.003926563262939453,0.00021232817097412032,0.0034340858459472657,0.00022622918732428804,1.0,auto,"{'clf__C': 1, 'clf__gamma': 'auto'}",0.6818181818181818,0.8181818181818181,0.6363636363636364,0.5909090909090908,0.7333333333333334,0.6921212121212121,0.07880186356072294,6,0.921188630490956,0.92015503875969,0.920671834625323,0.9095607235142118,0.875,0.9093152454780361,0.017692070759514924
0.0038706302642822266,0.00046146480093198087,0.00328974723815918,0.0002475122656580003,5.0,0.001,"{'clf__C': 5, 'clf__gamma': 0.001}",0.6363636363636364,0.8181818181818182,0.6818181818181819,0.6818181818181819,0.6416666666666666,0.691969696969697,0.06596671114190635,8,0.8186046511627907,0.8049095607235142,0.772609819121447,0.8291989664082687,0.7954545454545454,0.8041555085741132,0.019531299899060536
0.004610586166381836,0.0007401009701478358,0.0032986164093017577,0.00010589699837460413,5.0,scale,"{'clf__C': 5, 'clf__gamma': 'scale'}",0.8181818181818181,0.5909090909090908,0.7727272727272727,0.5,0.725,0.6813636363636364,0.11836000553012367,9,1.0,1.0,1.0,1.0,1.0,1.0,0.0
0.004098749160766602,0.00018606211575754867,0.003252887725830078,0.00014815005908770608,5.0,auto,"{'clf__C': 5, 'clf__gamma': 'auto'}",0.8181818181818181,0.5909090909090908,0.7727272727272727,0.5,0.725,0.6813636363636364,0.11836000553012367,9,1.0,1.0,1.0,1.0,1.0,1.0,0.0
0.003754329681396484,0.00037576602755451583,0.0069118976593017575,0.006243145112203856,5.0,0.0005,"{'clf__C': 5, 'clf__gamma': 0.0005}",0.6363636363636364,0.7727272727272727,0.5909090909090909,0.7272727272727273,0.6416666666666666,0.6737878787878788,0.06625839170997629,11,0.7958656330749354,0.7478036175710594,0.772609819121447,0.762015503875969,0.75,0.7656589147286821,0.017538806087279996
0.004445362091064453,0.0014473875182956925,0.003987360000610352,0.0007432238148459067,1.0,0.005,"{'clf__C': 1, 'clf__gamma': 0.005}",0.6818181818181818,0.8181818181818181,0.5909090909090909,0.6363636363636364,0.6416666666666666,0.6737878787878787,0.07773716636188974,12,0.852454780361757,0.851421188630491,0.841343669250646,0.8640826873385012,0.8181818181818181,0.8454968287526426,0.015442174757875597
0.004055023193359375,0.0010766181269748262,0.0034076213836669923,0.0005431805382360622,5.0,0.01,"{'clf__C': 5, 'clf__gamma': 0.01}",0.7727272727272727,0.5909090909090908,0.7727272727272727,0.5,0.725,0.6722727272727272,0.10886719485548657,13,1.0,1.0,1.0,1.0,1.0,1.0,0.0
0.0041255950927734375,0.00012460303303637126,0.003448009490966797,8.543812198621969e-05,1.0,0.05,"{'clf__C': 1, 'clf__gamma': 0.05}",0.7272727272727273,0.7272727272727273,0.6363636363636364,0.5454545454545454,0.7,0.6672727272727272,0.06937739646668697,14,1.0,1.0,1.0,1.0,1.0,1.0,0.0
0.003887653350830078,0.0002841252123001642,0.0033331871032714843,0.00010586220929900598,2.0,0.001,"{'clf__C': 2, 'clf__gamma': 0.001}",0.5909090909090909,0.7727272727272727,0.5909090909090909,0.7272727272727273,0.65,0.6663636363636363,0.07304476155127514,15,0.7630490956072351,0.7594315245478036,0.7392764857881138,0.7625322997416021,0.7613636363636364,0.757130608409678,0.00901320359553208
0.003906774520874024,0.00010828691551984825,0.003099870681762695,7.724473500458341e-05,10.0,0.0005,"{'clf__C': 10, 'clf__gamma': 0.0005}",0.5454545454545454,0.7727272727272727,0.6818181818181819,0.6818181818181819,0.6416666666666666,0.6646969696969697,0.0734928143136403,16,0.8186046511627907,0.7705426356589147,0.7498708010335917,0.8175710594315245,0.7954545454545454,0.7904087385482734,0.026818828286188798
0.004079341888427734,0.00014350651742073514,0.0036305904388427733,0.00022078854953391685,10.0,0.005,"{'clf__C': 10, 'clf__gamma': 0.005}",0.7272727272727273,0.5909090909090908,0.7727272727272727,0.5454545454545454,0.6833333333333333,0.6639393939393938,0.08437312729615813,17,1.0,1.0,1.0,1.0,1.0,1.0,0.0
0.003966379165649414,8.899618513154943e-05,0.003421115875244141,6.00228704940461e-05,10.0,0.01,"{'clf__C': 10, 'clf__gamma': 0.01}",0.6818181818181819,0.5909090909090908,0.7727272727272727,0.5454545454545454,0.725,0.6631818181818182,0.08396673879066936,18,1.0,1.0,1.0,1.0,1.0,1.0,0.0
0.004933309555053711,0.0008468011912073093,0.004135656356811524,0.0011183244030339293,20.0,0.01,"{'clf__C': 20, 'clf__gamma': 0.01}",0.6818181818181819,0.5909090909090908,0.7727272727272727,0.5454545454545454,0.725,0.6631818181818182,0.08396673879066936,18,1.0,1.0,1.0,1.0,1.0,1.0,0.0
0.0043182373046875,0.00022154297744183152,0.005323076248168945,0.0034185264356749994,50.0,0.01,"{'clf__C': 50, 'clf__gamma': 0.01}",0.6818181818181819,0.5909090909090908,0.7727272727272727,0.5454545454545454,0.725,0.6631818181818182,0.08396673879066936,18,1.0,1.0,1.0,1.0,1.0,1.0,0.0
0.005165529251098633,0.0023414802039710856,0.004388761520385742,0.0020893993248761347,0.5,0.005,"{'clf__C': 0.5, 'clf__gamma': 0.005}",0.6363636363636364,0.7272727272727273,0.5454545454545454,0.7272727272727273,0.65,0.6572727272727273,0.06751798046409872,21,0.751937984496124,0.8155038759689923,0.7175710594315245,0.7857881136950904,0.7159090909090909,0.7573420249001643,0.03878041323551421
0.003967857360839844,0.00019632304825395946,0.003347301483154297,0.00010765696888849588,10.0,0.001,"{'clf__C': 10, 'clf__gamma': 0.001}",0.5909090909090909,0.7272727272727273,0.6818181818181819,0.6818181818181819,0.5916666666666667,0.6546969696969697,0.05436924399307323,22,0.852454780361757,0.8974160206718347,0.8403100775193799,0.8291989664082687,0.8409090909090908,0.8520577871740663,0.023842628827256015
0.004344511032104492,0.00015626415662597516,0.0033696174621582033,0.00015233647973146328,10.0,scale,"{'clf__C': 10, 'clf__gamma': 'scale'}",0.6818181818181819,0.5909090909090908,0.7727272727272727,0.5454545454545454,0.675,0.6531818181818181,0.07882924322088132,23,1.0,1.0,1.0,1.0,1.0,1.0,0.0
0.004836845397949219,0.000842401898217752,0.003680562973022461,0.00034627639304002876,20.0,scale,"{'clf__C': 20, 'clf__gamma': 'scale'}",0.6818181818181819,0.5909090909090908,0.7727272727272727,0.5454545454545454,0.675,0.6531818181818181,0.07882924322088132,23,1.0,1.0,1.0,1.0,1.0,1.0,0.0
0.00523686408996582,0.0008127152010296893,0.00402536392211914,0.0008349770555427136,50.0,scale,"{'clf__C': 50, 'clf__gamma': 'scale'}",0.6818181818181819,0.5909090909090908,0.7727272727272727,0.5454545454545454,0.675,0.6531818181818181,0.07882924322088132,23,1.0,1.0,1.0,1.0,1.0,1.0,0.0
0.0041259765625,0.00029221943525965246,0.0035620212554931642,0.0005793365506251188,10.0,auto,"{'clf__C': 10, 'clf__gamma': 'auto'}",0.6818181818181819,0.5909090909090908,0.7727272727272727,0.5454545454545454,0.675,0.6531818181818181,0.07882924322088132,23,1.0,1.0,1.0,1.0,1.0,1.0,0.0
0.004869318008422852,0.0008538640003713889,0.004043149948120117,0.0006180733630770556,20.0,auto,"{'clf__C': 20, 'clf__gamma': 'auto'}",0.6818181818181819,0.5909090909090908,0.7727272727272727,0.5454545454545454,0.675,0.6531818181818181,0.07882924322088132,23,1.0,1.0,1.0,1.0,1.0,1.0,0.0
0.004361963272094727,0.0006031545351244256,0.0038625717163085936,0.0008870560065593733,50.0,auto,"{'clf__C': 50, 'clf__gamma': 'auto'}",0.6818181818181819,0.5909090909090908,0.7727272727272727,0.5454545454545454,0.675,0.6531818181818181,0.07882924322088132,23,1.0,1.0,1.0,1.0,1.0,1.0,0.0
0.0037499427795410155,0.0001497628235620239,0.003744029998779297,0.0006838270730092839,2.0,0.0005,"{'clf__C': 2, 'clf__gamma': 0.0005}",0.6363636363636364,0.8181818181818181,0.5454545454545454,0.6818181818181819,0.5666666666666667,0.6496969696969697,0.09732133214061296,29,0.7286821705426356,0.6943152454780361,0.6943152454780361,0.7069767441860465,0.6931818181818182,0.7034942447733146,0.013575077200892453
0.00560464859008789,0.0026212822468571705,0.003293418884277344,0.00010867019450330366,5.0,0.005,"{'clf__C': 5, 'clf__gamma': 0.005}",0.5909090909090909,0.6363636363636364,0.7727272727272727,0.5909090909090908,0.6416666666666666,0.6465151515151515,0.06669352076223053,30,0.9777777777777779,1.0,0.9661498708010337,0.9772609819121447,0.9545454545454546,0.9751468170072822,0.015062758904079206
0.004368448257446289,0.00019914523770104856,0.0034624576568603516,7.066906863655633e-05,20.0,0.0005,"{'clf__C': 20, 'clf__gamma': 0.0005}",0.5909090909090909,0.6818181818181819,0.6818181818181819,0.6818181818181819,0.5916666666666667,0.6456060606060607,0.044351256759249634,31,0.8408268733850129,0.8397932816537468,0.8175710594315245,0.8291989664082687,0.8068181818181819,0.826841672539347,0.013082593808460082
0.004510259628295899,0.00021953360086632452,0.003476524353027344,0.000496343955221292,20.0,0.005,"{'clf__C': 20, 'clf__gamma': 0.005}",0.6363636363636364,0.5909090909090908,0.8181818181818181,0.5,0.675,0.6440909090909089,0.10479811366670286,32,1.0,1.0,1.0,1.0,1.0,1.0,0.0
0.004466819763183594,0.0002941070904210773,0.0036630630493164062,0.0005155543640598622,50.0,0.005,"{'clf__C': 50, 'clf__gamma': 0.005}",0.6363636363636364,0.5909090909090908,0.8181818181818181,0.5,0.675,0.6440909090909089,0.10479811366670286,32,1.0,1.0,1.0,1.0,1.0,1.0,0.0
0.003720808029174805,0.00013403954432835403,0.0032641410827636717,8.659517711144299e-05,1.0,0.001,"{'clf__C': 1, 'clf__gamma': 0.001}",0.5909090909090909,0.7727272727272727,0.5454545454545454,0.6363636363636364,0.6083333333333334,0.6307575757575757,0.07688195906074094,34,0.7397932816537467,0.7266149870801033,0.6832041343669251,0.7069767441860465,0.6931818181818181,0.709954193093728,0.020850403671967607
0.0045794486999511715,0.0014098860820957494,0.003385448455810547,3.415319307830978e-05,0.5,auto,"{'clf__C': 0.5, 'clf__gamma': 'auto'}",0.6363636363636364,0.5909090909090909,0.5909090909090909,0.6363636363636364,0.65,0.6209090909090909,0.024995867427031842,35,0.8418604651162791,0.8609819121447029,0.8534883720930233,0.8534883720930233,0.7840909090909091,0.8387820061075877,0.028021360537303846
0.014191293716430664,0.00973971709848885,0.0036506175994873045,0.0005013435676430022,0.5,scale,"{'clf__C': 0.5, 'clf__gamma': 'scale'}",0.6363636363636364,0.5909090909090909,0.5909090909090909,0.6363636363636364,0.65,0.6209090909090909,0.024995867427031842,35,0.8418604651162791,0.8609819121447029,0.8534883720930233,0.8534883720930233,0.7840909090909091,0.8387820061075877,0.028021360537303846
0.0038680076599121095,0.00022526226435103775,0.011060142517089843,0.01213525850591406,0.5,0.01,"{'clf__C': 0.5, 'clf__gamma': 0.01}",0.6363636363636364,0.5909090909090909,0.5909090909090909,0.6363636363636364,0.65,0.6209090909090909,0.024995867427031842,35,0.8645994832041344,0.8609819121447029,0.8645994832041344,0.8534883720930233,0.7954545454545454,0.8478247592201082,0.026497581788482844
0.0051463603973388675,0.0013096313113690017,0.0039025306701660155,0.0007535932185347209,50.0,0.05,"{'clf__C': 50, 'clf__gamma': 0.05}",0.6818181818181819,0.7272727272727273,0.5909090909090908,0.40909090909090906,0.6916666666666667,0.6201515151515151,0.11471167993415045,38,1.0,1.0,1.0,1.0,1.0,1.0,0.0
0.004204559326171875,0.0005508590435479891,0.00392308235168457,0.0010676220581249205,5.0,0.05,"{'clf__C': 5, 'clf__gamma': 0.05}",0.6818181818181819,0.7272727272727273,0.5909090909090908,0.40909090909090906,0.6916666666666667,0.6201515151515151,0.11471167993415045,38,1.0,1.0,1.0,1.0,1.0,1.0,0.0
0.004110145568847656,0.0006299746779572861,0.0035561561584472657,0.00037645475549004837,10.0,0.05,"{'clf__C': 10, 'clf__gamma': 0.05}",0.6818181818181819,0.7272727272727273,0.5909090909090908,0.40909090909090906,0.6916666666666667,0.6201515151515151,0.11471167993415045,38,1.0,1.0,1.0,1.0,1.0,1.0,0.0
0.005271720886230469,0.0016768429592941092,0.004869651794433594,0.002124870910067331,20.0,0.05,"{'clf__C': 20, 'clf__gamma': 0.05}",0.6818181818181819,0.7272727272727273,0.5909090909090908,0.40909090909090906,0.6916666666666667,0.6201515151515151,0.11471167993415045,38,1.0,1.0,1.0,1.0,1.0,1.0,0.0
0.003995704650878906,0.0003216182115206436,0.0037993907928466795,0.0008317053857740504,2.0,0.05,"{'clf__C': 2, 'clf__gamma': 0.05}",0.6818181818181819,0.7272727272727273,0.5909090909090908,0.40909090909090906,0.6916666666666667,0.6201515151515151,0.11471167993415045,38,1.0,1.0,1.0,1.0,1.0,1.0,0.0
0.004698562622070313,0.00016010224946888407,0.003912353515625,0.0009669189516409315,50.0,0.001,"{'clf__C': 50, 'clf__gamma': 0.001}",0.5454545454545454,0.5,0.6818181818181819,0.6363636363636364,0.6833333333333333,0.6093939393939394,0.07415517445863035,43,0.9550387596899225,0.9661498708010337,0.9656330749354005,0.9888888888888889,0.9431818181818181,0.9637784824994128,0.01510099891016309
0.005230951309204102,0.0016697695146778563,0.00412440299987793,0.0007164322554661559,20.0,0.001,"{'clf__C': 20, 'clf__gamma': 0.001}",0.5454545454545454,0.5454545454545454,0.6818181818181819,0.5909090909090908,0.55,0.5827272727272726,0.05241285565599848,44,0.8979328165374676,0.9545219638242894,0.8746770025839793,0.9095607235142118,0.8977272727272727,0.9068839558374441,0.026373473295600178
0.004192495346069336,9.387210119994737e-05,0.003244972229003906,0.0001197037550873626,1.0,0.1,"{'clf__C': 1, 'clf__gamma': 0.1}",0.5,0.5454545454545454,0.6363636363636364,0.5909090909090909,0.625,0.5795454545454545,0.05081972676135887,45,1.0,1.0,1.0,1.0,1.0,1.0,0.0
0.004845905303955078,0.0005294239328179485,0.0032280445098876952,0.00014841089088094779,50.0,0.0005,"{'clf__C': 50, 'clf__gamma': 0.0005}",0.45454545454545453,0.5909090909090908,0.6363636363636364,0.5909090909090908,0.5916666666666667,0.5728787878787879,0.06170295261816743,46,0.8979328165374676,0.9545219638242894,0.8630490956072352,0.92015503875969,0.9090909090909092,0.9089499647639183,0.029767929022002947
0.004855489730834961,0.001324701021704614,0.00370936393737793,0.0005614285520082054,10.0,0.1,"{'clf__C': 10, 'clf__gamma': 0.1}",0.5,0.5454545454545454,0.6363636363636364,0.5,0.575,0.5513636363636364,0.05117624707286388,47,1.0,1.0,1.0,1.0,1.0,1.0,0.0
0.0038834571838378905,5.534220620835789e-05,0.004361391067504883,0.0020759183913749758,2.0,0.1,"{'clf__C': 2, 'clf__gamma': 0.1}",0.5,0.5454545454545454,0.6363636363636364,0.5,0.575,0.5513636363636364,0.05117624707286388,47,1.0,1.0,1.0,1.0,1.0,1.0,0.0
0.00433197021484375,0.00022697086090909456,0.003521633148193359,0.00015660855350465327,20.0,0.1,"{'clf__C': 20, 'clf__gamma': 0.1}",0.5,0.5454545454545454,0.6363636363636364,0.5,0.575,0.5513636363636364,0.05117624707286388,47,1.0,1.0,1.0,1.0,1.0,1.0,0.0
0.004318046569824219,0.0007899455021791625,0.0032978057861328125,0.00014070776977856325,5.0,0.1,"{'clf__C': 5, 'clf__gamma': 0.1}",0.5,0.5454545454545454,0.6363636363636364,0.5,0.575,0.5513636363636364,0.05117624707286388,47,1.0,1.0,1.0,1.0,1.0,1.0,0.0
0.004340505599975586,0.0004822984658213999,0.003404855728149414,0.0005000709974426729,50.0,0.1,"{'clf__C': 50, 'clf__gamma': 0.1}",0.5,0.5454545454545454,0.6363636363636364,0.5,0.575,0.5513636363636364,0.05117624707286388,47,1.0,1.0,1.0,1.0,1.0,1.0,0.0
0.006529474258422851,0.005026196824345841,0.0035391807556152343,0.00013403964610738807,0.5,0.001,"{'clf__C': 0.5, 'clf__gamma': 0.001}",0.5,0.5,0.5909090909090909,0.6363636363636364,0.525,0.5504545454545454,0.05432531333937695,52,0.6775193798449612,0.5,0.7129198966408269,0.6653746770025839,0.6818181818181819,0.6475264270613108,0.07541142384556491
0.004004859924316406,0.00017800214237224889,0.003252124786376953,0.00025535534059985574,1.0,0.0005,"{'clf__C': 1, 'clf__gamma': 0.0005}",0.5,0.5454545454545454,0.5454545454545454,0.6363636363636364,0.525,0.5504545454545454,0.04609548121486261,52,0.7710594315245478,0.5470284237726099,0.7043927648578812,0.7488372093023257,0.6704545454545454,0.688354474982382,0.07880223087862122
0.0045738697052001955,0.0006972054969942324,0.0034686565399169923,0.00017689775563127226,0.1,0.05,"{'clf__C': 0.1, 'clf__gamma': 0.05}",0.5,0.5,0.5,0.5,0.625,0.525,0.049999999999999996,54,0.5,0.5,0.5,0.5,1.0,0.6,0.2
0.004899740219116211,0.002276147858830611,0.0034755706787109376,0.000325003986803164,0.5,0.05,"{'clf__C': 0.5, 'clf__gamma': 0.05}",0.5,0.5,0.5,0.5,0.625,0.525,0.049999999999999996,54,0.9302325581395349,1.0,1.0,0.9883720930232558,1.0,0.9837209302325581,0.027120706487652562
0.004297733306884766,0.0004792646369546984,0.003667783737182617,0.0003988019925612626,0.1,0.005,"{'clf__C': 0.1, 'clf__gamma': 0.005}",0.5,0.5,0.5,0.5,0.6083333333333334,0.5216666666666667,0.043333333333333356,56,0.5,0.5,0.5,0.5,0.6931818181818182,0.5386363636363637,0.0772727272727273
0.0047894477844238285,0.0020587011094165717,0.0031343936920166016,9.356276554514161e-05,0.5,0.1,"{'clf__C': 0.5, 'clf__gamma': 0.1}",0.5,0.5,0.5,0.5,0.5833333333333334,0.5166666666666667,0.03333333333333335,57,0.5,1.0,1.0,1.0,1.0,0.9,0.20000000000000004
0.004847097396850586,0.0011476435394753382,0.003242683410644531,0.000266546486472267,0.1,0.1,"{'clf__C': 0.1, 'clf__gamma': 0.1}",0.5,0.5,0.5,0.5,0.5833333333333334,0.5166666666666667,0.03333333333333335,57,0.5,0.5,0.5,0.5,1.0,0.6,0.2
0.005893564224243164,0.0007145476110189887,0.0046771526336669925,0.0008970671138823458,0.1,scale,"{'clf__C': 0.1, 'clf__gamma': 'scale'}",0.5,0.5,0.5,0.5,0.525,0.505,0.010000000000000009,59,0.5,0.5,0.5,0.5,0.7272727272727273,0.5454545454545455,0.09090909090909093
0.005206871032714844,0.000411629394417364,0.0043827533721923825,0.0006276064776608044,0.1,auto,"{'clf__C': 0.1, 'clf__gamma': 'auto'}",0.5,0.5,0.5,0.5,0.525,0.505,0.010000000000000009,59,0.5,0.5,0.5,0.5,0.7272727272727273,0.5454545454545455,0.09090909090909093
0.004600667953491211,0.00045095364101394313,0.0036709785461425783,0.0003956575507128685,0.1,0.0005,"{'clf__C': 0.1, 'clf__gamma': 0.0005}",0.5,0.5,0.5,0.5,0.525,0.505,0.010000000000000009,59,0.5,0.5,0.5,0.5,0.6477272727272727,0.5295454545454545,0.059090909090909076
0.004252052307128907,0.0007984026816838548,0.0032709121704101564,0.0001144363879260882,0.5,0.0005,"{'clf__C': 0.5, 'clf__gamma': 0.0005}",0.5,0.5,0.5,0.5,0.525,0.505,0.010000000000000009,59,0.5,0.5,0.5,0.5,0.6477272727272727,0.5295454545454545,0.059090909090909076
0.004277276992797852,0.00024081652195979551,0.0038042545318603517,0.0002859494039188883,0.1,0.01,"{'clf__C': 0.1, 'clf__gamma': 0.01}",0.5,0.5,0.5,0.5,0.525,0.505,0.010000000000000009,59,0.5,0.5,0.5,0.5,0.7840909090909092,0.5568181818181819,0.11363636363636367
0.004521226882934571,0.0009227392217014591,0.003588151931762695,0.00043517067682601935,0.1,0.001,"{'clf__C': 0.1, 'clf__gamma': 0.001}",0.5,0.5,0.5,0.5,0.525,0.505,0.010000000000000009,59,0.5,0.5,0.5,0.5,0.6931818181818182,0.5386363636363637,0.0772727272727273
